B07NJQ89D5,2022,1,20,1,Value for money,4.2
B07NJQ89D5,2022,1,20,2,Scent,4.1
B07NJQ89D5,2022,1,20,3,Moisturizing,3.9
B00WDR9SZQ,2022,1,20,1,Moisturizing,4.6
B00WDR9SZQ,2022,1,20,2,Scent,4.5
B00WDR9SZQ,2022,1,20,3,Softness,4.3
B00WDR9SZQ,2022,1,20,4,Value for money,4.3
B07N3BN1KS,2022,1,20,1,Scent,4.4
B07N3BN1KS,2022,1,20,2,Softness,4.2
B07N3BN1KS,2022,1,20,3,Moisturizing,4.2
B07N3BN1KS,2022,1,20,4,Value for money,4.1
B07WPFYX44,2022,1,20,1,Scent,4.4
B07WPFYX44,2022,1,20,2,Moisturizing,4.3
B07WPFYX44,2022,1,20,3,Softness,4.1
B000MD65FO,2022,1,20,1,Scent,4.6
B000MD65FO,2022,1,20,2,Comfort,4.4
B000MD65FO,2022,1,20,3,Moisturizing,4.3
B000MD65FO,2022,1,20,4,Softness,4.3
B000MD65FO,2022,1,20,5,Value for money,4.3
B08BTNS4K8,2022,1,20,1,Value for money,4.3
B08BTNS4K8,2022,1,20,2,Moisturizing,4.3
B08BTNS4K8,2022,1,20,3,Softness,4.3
B08BTNS4K8,2022,1,20,4,Scent,4.2
B0842YG95G,2022,1,20,1,Value for money,4.7
B0842YG95G,2022,1,20,2,Scent,4.5
B0842YG95G,2022,1,20,3,Softness,4.5
B0842YG95G,2022,1,20,4,Moisturizing,4.4
B0842YG95G,2022,1,20,5,Sheerness,4.4
B008J2GP9G,2022,1,20,1,Moisturizing,4.0
B008J2GP9G,2022,1,20,2,Scent,4.0
B008J2GP9G,2022,1,20,3,Softness,4.0
B008J2GP9G,2022,1,20,4,Sheerness,3.8
B08T47QVNR,2022,1,20,1,Moisturizing,4.2
B08T47QVNR,2022,1,20,2,Scent,4.1
B08T47QVNR,2022,1,20,3,Value for money,3.9
B00ILBUEVK,2022,1,20,1,Scent,4.5
B00ILBUEVK,2022,1,20,2,Softness,4.5
B00ILBUEVK,2022,1,20,3,Value for money,4.5
B00ILBUEVK,2022,1,20,4,For traveling,4.4
B00ILBUEVK,2022,1,20,5,Moisturizing,4.3
B0007CXXYG,2022,1,20,1,Moisturizing,4.4
B0007CXXYG,2022,1,20,2,Value for money,4.3
B0007CXXYG,2022,1,20,3,Scent,4.3
B0007CXXYG,2022,1,20,4,For traveling,4.0
B074VLGVJ3,2022,1,20,1,Scent,4.6
B074VLGVJ3,2022,1,20,2,Value for money,4.6
B074VLGVJ3,2022,1,20,3,Sheerness,4.5
B074VLGVJ3,2022,1,20,4,Moisturizing,4.4
B074VLGVJ3,2022,1,20,5,Softness,4.3
B01M2DNKV7,2022,1,20,1,Value for money,4.6
B01M2DNKV7,2022,1,20,2,Softness,4.6
B01M2DNKV7,2022,1,20,3,Moisturizing,4.6
B01M2DNKV7,2022,1,20,4,Scent,4.5
B00FH692PQ,2022,1,20,1,Ingredient quality,4.1
B00FH692PQ,2022,1,20,2,Hair quality,4.0
B00FH692PQ,2022,1,20,3,Scent,3.9
B07BVKK11Q,2022,1,20,1,Scent,4.4
B07BVKK11Q,2022,1,20,2,Value for money,4.4
B07BVKK11Q,2022,1,20,3,Softness,4.3
B07BVKK11Q,2022,1,20,4,Moisturizing,4.1
B07CJMJS3L,2022,1,20,1,Value for money,4.6
B07CJMJS3L,2022,1,20,2,Scent,4.2
B07CJMJS3L,2022,1,20,3,Moisturizing,3.9
B08833JPSD,2022,1,20,1,Easy to use,5.0
B08833JPSD,2022,1,20,2,Scent,4.6
B08833JPSD,2022,1,20,3,Value for money,4.0
B07M6HP787,2022,1,20,1,Scent,4.0
B07M6HP787,2022,1,20,2,Moisturizing,3.8
B07M6HP787,2022,1,20,3,Value for money,3.5
B094KVYZSC,2022,1,20,1,Moisturizing,3.6
B094KVYZSC,2022,1,20,2,Value for money,3.4
B094KVYZSC,2022,1,20,3,Scent,3.2
B000TGC8D2,2022,1,20,1,Scent,4.1
B000TGC8D2,2022,1,20,2,Softness,4.0
B000TGC8D2,2022,1,20,3,Moisturizing,4.0
B000TGC8D2,2022,1,20,4,Sheerness,3.8
B07NQ69L7P,2022,1,20,1,Easy to use,4.7
B07NQ69L7P,2022,1,20,2,Softness,4.5
B07NQ69L7P,2022,1,20,3,Sheerness,4.4
B07NQ69L7P,2022,1,20,4,Scent,4.4
B07NQ69L7P,2022,1,20,5,Value for money,4.4
B07NQ69L7P,2022,1,20,6,Moisturizing,4.4
B08LHXJTDW,2022,1,20,1,Value for money,4.7
B08LHXJTDW,2022,1,20,2,Scent,4.6
B08LHXJTDW,2022,1,20,3,Moisturizing,4.5
B08LHXJTDW,2022,1,20,4,Softness,4.5
B08LHXJTDW,2022,1,20,5,Volume control,4.3
B088ZZYMK2,2022,1,20,1,Softness,4.4
B088ZZYMK2,2022,1,20,2,Moisturizing,4.3
B088ZZYMK2,2022,1,20,3,Scent,4.2
B088ZZYMK2,2022,1,20,4,Sheerness,4.1
B088ZZYMK2,2022,1,20,5,Value for money,3.6
B088ZZYMK2,2022,1,20,6,Volume control,3.3
B07D37PQGL,2022,1,20,1,Softness,4.4
B07D37PQGL,2022,1,20,2,Moisturizing,4.4
B07D37PQGL,2022,1,20,3,Scent,4.3
B07D37PQGL,2022,1,20,4,Value for money,4.2
B0007X749U,2022,1,20,1,Value for money,4.5
B0007X749U,2022,1,20,2,Softness,4.4
B0007X749U,2022,1,20,3,Scent,4.3
B0007X749U,2022,1,20,4,Moisturizing,4.2
B01LZG17UO,2022,1,20,1,Scent,4.6
B01LZG17UO,2022,1,20,2,Moisturizing,4.6
B01LZG17UO,2022,1,20,3,Value for money,4.6
B003ZKLCAE,2022,1,20,1,Moisturizing,4.7
B003ZKLCAE,2022,1,20,2,Scent,4.3
B003ZKLCAE,2022,1,20,3,Value for money,3.6
B06Y2DT2GJ,2022,1,20,1,Comfort,4.7
B06Y2DT2GJ,2022,1,20,2,Drying power,4.7
B06Y2DT2GJ,2022,1,20,3,Softness,4.6
B06Y2DT2GJ,2022,1,20,4,Moisturizing,4.6
B06Y2DT2GJ,2022,1,20,5,Scent,4.5
B0087PWY86,2022,1,20,1,Scent,4.6
B0087PWY86,2022,1,20,2,Moisturizing,4.5
B0087PWY86,2022,1,20,3,Value for money,4.5
B0038TXGL0,2022,1,20,1,Scent,4.1
B0038TXGL0,2022,1,20,2,Softness,4.1
B0038TXGL0,2022,1,20,3,Moisturizing,4.1
B0934589WQ,2022,1,20,1,Scent,4.3
B0934589WQ,2022,1,20,2,Moisturizing,4.0
B0934589WQ,2022,1,20,3,Softness,4.0
B00ILBUEVK,2022,1,20,1,Scent,4.5
B00ILBUEVK,2022,1,20,2,Softness,4.5
B00ILBUEVK,2022,1,20,3,Value for money,4.5
B00ILBUEVK,2022,1,20,4,For traveling,4.4
B00ILBUEVK,2022,1,20,5,Moisturizing,4.3
B01INE0KAY,2022,1,20,1,Moisturizing,4.5
B01INE0KAY,2022,1,20,2,Value for money,4.5
B01INE0KAY,2022,1,20,3,Scent,4.3
B01INE0KAY,2022,1,20,4,Volume control,4.2
B01INE0KAY,2022,1,20,5,Softness,4.0
B00ANSD2LI,2022,1,20,1,Scent,4.3
B00ANSD2LI,2022,1,20,2,Value for money,4.0
B08BTKBVWT,2022,1,20,1,Scent,4.4
B08BTKBVWT,2022,1,20,2,Softness,4.3
B08BTKBVWT,2022,1,20,3,Easy to use,4.1
B08BTKBVWT,2022,1,20,4,Value for money,3.9
B08BTKBVWT,2022,1,20,5,Moisturizing,3.7
B08BTKBVWT,2022,1,20,6,Sheerness,3.2
B002KG28PW,2022,1,20,1,Scent,4.4
B002KG28PW,2022,1,20,2,Moisturizing,4.2
B002KG28PW,2022,1,20,3,Softness,4.1
B07HMVMTN6,2022,1,20,1,Scent,4.3
B07HMVMTN6,2022,1,20,2,Softness,4.2
B07HMVMTN6,2022,1,20,3,Value for money,4.2
B07HMVMTN6,2022,1,20,4,Moisturizing,3.9
B08BTMXSG6,2022,1,20,1,Value for money,4.6
B08BTMXSG6,2022,1,20,2,Moisturizing,4.5
B08BTMXSG6,2022,1,20,3,Scent,4.5
B008OL3UYK,2022,1,20,1,Scent,3.9
B008OL3UYK,2022,1,20,2,Softness,3.8
B008OL3UYK,2022,1,20,3,Volume control,3.6
B008OL3UYK,2022,1,20,4,Moisturizing,3.6
B07F38N6H6,2022,1,20,1,Scent,4.7
B07F38N6H6,2022,1,20,2,Value for money,4.6
B07N3BN1KS,2022,1,20,1,Scent,4.4
B07N3BN1KS,2022,1,20,2,Softness,4.2
B07N3BN1KS,2022,1,20,3,Moisturizing,4.2
B07N3BN1KS,2022,1,20,4,Value for money,4.1
B094KT28DV,2022,1,20,1,Scent,4.0
B094KT28DV,2022,1,20,2,Value for money,3.8
B094KT28DV,2022,1,20,3,Moisturizing,3.6
B07HMJTH7G,2022,1,20,1,Softness,4.7
B07HMJTH7G,2022,1,20,2,Moisturizing,4.5
B07HMJTH7G,2022,1,20,3,Value for money,4.3
B07HMJTH7G,2022,1,20,4,Scent,4.3
B072MGQVG4,2022,1,20,1,Value for money,4.4
B072MGQVG4,2022,1,20,2,Scent,4.2
B0009I4MKW,2022,1,20,1,Moisturizing,4.0
B0009I4MKW,2022,1,20,2,Softness,4.0
B0009I4MKW,2022,1,20,3,Scent,3.9
B01CSKTVPO,2022,1,20,1,Value for money,4.7
B01CSKTVPO,2022,1,20,2,Scent,4.5
B01CSKTVPO,2022,1,20,3,Moisturizing,4.4
B08BTMWBNS,2022,1,20,1,Moisturizing,4.2
B08BTMWBNS,2022,1,20,2,Value for money,4.1
B08BTMWBNS,2022,1,20,3,Scent,4.0
B08BTMWBNS,2022,1,20,4,Volume control,2.6
B0011DP24Y,2022,1,20,1,Scent,3.8
B0011DP24Y,2022,1,20,2,Value for money,3.7
B0011DP24Y,2022,1,20,3,Moisturizing,3.1
B00C5AHTVQ,2022,1,20,1,Scent,4.4
B00C5AHTVQ,2022,1,20,2,Moisturizing,4.4
B00C5AHTVQ,2022,1,20,3,Softness,4.3
B08LHX5QG7,2022,1,20,1,Value for money,4.5
B08LHX5QG7,2022,1,20,2,Scent,4.4
B08LHX5QG7,2022,1,20,3,Moisturizing,4.4
B00Y068L4W,2022,1,20,1,For traveling,4.6
B00Y068L4W,2022,1,20,2,Scent,4.5
B00Y068L4W,2022,1,20,3,Value for money,3.6
B00AINMFAC,2022,1,20,1,Value for money,4.4
B00AINMFAC,2022,1,20,2,Scent,4.2
B00AINMFAC,2022,1,20,3,Softness,4.2
B00AINMFAC,2022,1,20,4,Moisturizing,4.1
B0098QPV3I,2022,1,20,1,Scent,4.2
B0098QPV3I,2022,1,20,2,Moisturizing,4.1
B0098QPV3I,2022,1,20,3,Value for money,3.9
B0098QPV3I,2022,1,20,4,Softness,3.8
B000RK9XLA,2022,1,20,1,Moisturizing,4.1
B000RK9XLA,2022,1,20,2,Scent,4.0
B000RK9XLA,2022,1,20,3,Value for money,4.0
B000RK9XLA,2022,1,20,4,Volume control,3.6
B00WDR9SZQ,2022,1,20,1,Moisturizing,4.6
B00WDR9SZQ,2022,1,20,2,Scent,4.5
B00WDR9SZQ,2022,1,20,3,Softness,4.3
B00WDR9SZQ,2022,1,20,4,Value for money,4.3
B07GQM62WM,2022,1,20,1,Scent,4.4
B07GQM62WM,2022,1,20,2,Value for money,4.1
B08GLJ4RMC,2022,1,20,1,Softness,4.4
B08GLJ4RMC,2022,1,20,2,Moisturizing,4.3
B08GLJ4RMC,2022,1,20,3,Scent,4.2
B08GLJ4RMC,2022,1,20,4,Sheerness,4.1
B08GLJ4RMC,2022,1,20,5,Value for money,3.6
B08GLJ4RMC,2022,1,20,6,Volume control,3.3
B08LHX596H,2022,1,20,1,Scent,4.4
B08LHX596H,2022,1,20,2,Easy to use,4.4
B08LHX596H,2022,1,20,3,Value for money,4.2
B08LHX596H,2022,1,20,4,Moisturizing,4.1
B08P35DNQR,2022,1,20,1,Scent,4.7
B08P35DNQR,2022,1,20,2,Moisturizing,4.6
B08J115RZL,2022,1,20,1,Moisturizing,3.9
B08J115RZL,2022,1,20,2,Scent,3.5
B08J115RZL,2022,1,20,3,Value for money,3.4
B08NVK6NS6,2022,1,20,1,Scent,4.2
B08NVK6NS6,2022,1,20,2,Softness,3.9
B08NVK6NS6,2022,1,20,3,Moisturizing,3.9
B08NVK6NS6,2022,1,20,4,Light weight,3.9
B07NFSPQ2H,2022,1,20,1,Easy to use,4.8
B07NFSPQ2H,2022,1,20,2,Scent,4.7
B07NFSPQ2H,2022,1,20,3,Value for money,4.7
B0857LTYZ2,2022,1,20,1,Scent,4.6
B0857LTYZ2,2022,1,20,2,Moisturizing,4.6
B0857LTYZ2,2022,1,20,3,Softness,4.6
B07NWZK8PF,2022,1,20,1,Moisturizing,4.7
B07NWZK8PF,2022,1,20,2,Scent,4.6
B07NWZK8PF,2022,1,20,3,Value for money,4.6
B07NWZK8PF,2022,1,20,4,Softness,4.6
B01H6OXQFS,2022,1,20,1,Scent,4.7
B01H6OXQFS,2022,1,20,2,Value for money,4.7
B0007CXY5E,2022,1,20,1,Scent,4.4
B0007CXY5E,2022,1,20,2,Value for money,4.4
B0007CXY5E,2022,1,20,3,Light weight,4.4
B001P1ZEJK,2022,1,20,1,Scent,5.0
B001P1ZEJK,2022,1,20,2,Value for money,4.8
B001P1ZEJK,2022,1,20,3,Moisturizing,4.7
B0016JDLO6,2022,1,20,1,Softness,4.5
B0016JDLO6,2022,1,20,2,Scent,4.4
B0016JDLO6,2022,1,20,3,Value for money,4.2
B07F39WZQP,2022,1,20,1,Scent,4.6
B07F39WZQP,2022,1,20,2,Value for money,4.4
B01IA9DPB8,2022,1,20,1,Scent,4.8
B01IA9DPB8,2022,1,20,2,Value for money,4.7
B01IA9DPB8,2022,1,20,3,For traveling,4.2
B078H4HXSM,2022,1,20,1,Scent,4.4
B078H4HXSM,2022,1,20,2,Value for money,3.8
B00BGVM95Q,2022,1,20,1,Softness,4.2
B00BGVM95Q,2022,1,20,2,Moisturizing,4.2
B00BGVM95Q,2022,1,20,3,Scent,4.2
B091DB16R7,2022,1,20,1,Scent,3.9
B091DB16R7,2022,1,20,2,Volume control,3.7
B091DB16R7,2022,1,20,3,Moisturizing,3.5
B091DB16R7,2022,1,20,4,Softness,3.4
B08NVFFWRV,2022,1,20,1,Scent,4.0
B08NVFFWRV,2022,1,20,2,Moisturizing,3.7
B08NVFFWRV,2022,1,20,3,Softness,3.7
B00IK1CJZU,2022,1,20,1,Scent,4.4
B00IK1CJZU,2022,1,20,2,Moisturizing,4.4
B00IK1CJZU,2022,1,20,3,Value for money,4.2
B00IK1CJZU,2022,1,20,4,For traveling,3.8
B01ACFFY6C,2022,1,20,1,Scent,4.5
B01ACFFY6C,2022,1,20,2,Softness,4.5
B01ACFFY6C,2022,1,20,3,Value for money,4.3
B08BTG8NQC,2022,1,20,1,Value for money,4.0
B08BTG8NQC,2022,1,20,2,Moisturizing,3.8
B08BTG8NQC,2022,1,20,3,Scent,3.7
B07CJ61W74,2022,1,20,1,Scent,4.4
B07CJ61W74,2022,1,20,2,Moisturizing,4.3
B07CJ61W74,2022,1,20,3,Value for money,4.2
B001E51GY4,2022,1,20,1,Moisturizing,4.4
B001E51GY4,2022,1,20,2,Scent,4.3
B001E51GY4,2022,1,20,3,Softness,4.3
B001E51GY4,2022,1,20,4,Value for money,3.9
B0038TXGL0,2022,1,20,1,Scent,4.1
B0038TXGL0,2022,1,20,2,Softness,4.1
B0038TXGL0,2022,1,20,3,Moisturizing,4.1
B00IK1CJZU,2022,1,20,1,Scent,4.4
B00IK1CJZU,2022,1,20,2,Moisturizing,4.4
B00IK1CJZU,2022,1,20,3,Value for money,4.2
B00IK1CJZU,2022,1,20,4,For traveling,3.8
B01M36CJSJ,2022,1,20,1,Scent,4.4
B01M36CJSJ,2022,1,20,2,Value for money,4.4
B01M36CJSJ,2022,1,20,3,Sheerness,4.3
B01M36CJSJ,2022,1,20,4,Volume control,4.3
B01M36CJSJ,2022,1,20,5,Moisturizing,4.1
B07H3CZHJ5,2022,1,20,1,Scent,4.6
B07H3CZHJ5,2022,1,20,2,Moisturizing,3.8
B07H3CZHJ5,2022,1,20,3,Value for money,3.7
B00ALV8EL0,2022,1,20,1,Scent,4.3
B00ALV8EL0,2022,1,20,2,Moisturizing,4.2
B00ALV8EL0,2022,1,20,3,Volume control,4.1
B00ALV8EL0,2022,1,20,4,Value for money,4.0
B08RG15SLJ,2022,1,20,1,Value for money,5.0
B08RG15SLJ,2022,1,20,2,Scent,3.6
B08RG15SLJ,2022,1,20,3,Moisturizing,3.1
B08RG15SLJ,2022,1,20,4,Volume control,2.8
B00EHD9872,2022,1,20,1,For sensitive skin,4.5
B00EHD9872,2022,1,20,2,Softness,4.3
B00EHD9872,2022,1,20,3,Scent,4.3
B00EHD9872,2022,1,20,4,Value for money,4.1
B0784NY92P,2022,1,20,1,Scent,4.4
B0784NY92P,2022,1,20,2,Softness,4.0
B0784NY92P,2022,1,20,3,Moisturizing,4.0
B0784NY92P,2022,1,20,4,Longevity,3.7
B08P5Y1TVK,2022,1,20,1,Moisturizing,4.5
B08P5Y1TVK,2022,1,20,2,Scent,4.3
B08P5Y1TVK,2022,1,20,3,Softness,4.2
B08P5Y1TVK,2022,1,20,4,Volume control,3.6
B07NQCBRL1,2022,1,20,1,Value for money,4.0
B07NQCBRL1,2022,1,20,2,Scent,3.5
B07NQCBRL1,2022,1,20,3,Moisturizing,3.5
B07NQCBRL1,2022,1,20,4,Softness,2.2
B00QRSNW40,2022,1,20,1,Scent,4.2
B00QRSNW40,2022,1,20,2,Moisturizing,4.0
B00QRSNW40,2022,1,20,3,Softness,3.9
B00QRSNW40,2022,1,20,4,Value for money,3.7
B00QRSNW40,2022,1,20,5,Light weight,3.7
B004CJJO2A,2022,1,20,1,Scent,4.2
B004CJJO2A,2022,1,20,2,Sheerness,4.0
B004CJJO2A,2022,1,20,3,Moisturizing,4.0
B004CJJO2A,2022,1,20,4,Value for money,3.7
B017GGC9BI,2022,1,20,1,Scent,4.1
B017GGC9BI,2022,1,20,2,Softness,3.7
B017GGC9BI,2022,1,20,3,Value for money,3.6
B08D4DCB4G,2022,1,20,1,Moisturizing,4.2
B08D4DCB4G,2022,1,20,2,Easy to use,4.0
B08D4DCB4G,2022,1,20,3,Scent,3.9
B08D4DCB4G,2022,1,20,4,Value for money,3.8
B08D4DCB4G,2022,1,20,5,Softness,3.7
B00DQSKQXE,2022,1,20,1,Scent,4.1
B00DQSKQXE,2022,1,20,2,Value for money,4.1
B084LJ5XJ3,2022,1,20,1,Scent,4.6
B084LJ5XJ3,2022,1,20,2,Value for money,4.5
B084LJ5XJ3,2022,1,20,3,Moisturizing,4.4
B084LJ5XJ3,2022,1,20,4,Volume control,4.2
B00C7QH98Q,2022,1,20,1,Scent,4.3
B00C7QH98Q,2022,1,20,2,Moisturizing,4.3
B00C7QH98Q,2022,1,20,3,Value for money,3.9
B0743CZWCP,2022,1,20,1,Scent,4.3
B0743CZWCP,2022,1,20,2,Sheerness,4.2
B0743CZWCP,2022,1,20,3,Moisturizing,3.8
B0743CZWCP,2022,1,20,4,Softness,3.8
B01INE0P6I,2022,1,20,1,Value for money,4.6
B01INE0P6I,2022,1,20,2,Scent,4.5
B01INE0P6I,2022,1,20,3,Moisturizing,4.3
B00L00E2NU,2022,1,20,1,Scent,4.6
B00L00E2NU,2022,1,20,2,Value for money,4.3
B00L00E2NU,2022,1,20,3,Moisturizing,4.1
B07BHCB9Y2,2022,1,20,1,Softness,4.1
B07BHCB9Y2,2022,1,20,2,Moisturizing,4.1
B07BHCB9Y2,2022,1,20,3,Hair quality,4.0
B07BHCB9Y2,2022,1,20,4,Ingredient quality,4.0
B07BHCB9Y2,2022,1,20,5,Scent,3.9
B0165GYJKY,2022,1,20,1,Scent,4.5
B0165GYJKY,2022,1,20,2,Value for money,4.0
B002N5MKLW,2022,1,20,1,Value for money,4.4
B002N5MKLW,2022,1,20,2,Scent,4.4
B002N5MKLW,2022,1,20,3,Softness,4.3
B002N5MKLW,2022,1,20,4,Moisturizing,4.2
B07WPFYX44,2022,1,20,1,Scent,4.4
B07WPFYX44,2022,1,20,2,Moisturizing,4.3
B07WPFYX44,2022,1,20,3,Softness,4.1
B079RJ4Y7B,2022,1,20,1,Value for money,4.3
B079RJ4Y7B,2022,1,20,2,Moisturizing,4.0
B079RJ4Y7B,2022,1,20,3,Softness,4.0
B079RJ4Y7B,2022,1,20,4,Scent,4.0
B079RJ4Y7B,2022,1,20,5,Sheerness,3.8
B00TYAGMP4,2022,1,20,1,Value for money,4.5
B00TYAGMP4,2022,1,20,2,Flavor,4.4
B00TYAGMP4,2022,1,20,3,Scent,4.2
B00TYAGMP4,2022,1,20,4,Softness,4.1
B00TYAGMP4,2022,1,20,5,Moisturizing,4.0
B00TYAGMP4,2022,1,20,6,Sheerness,4.0
B002WTC3C0,2022,1,20,1,Scent,4.3
B002WTC3C0,2022,1,20,2,Softness,4.1
B002WTC3C0,2022,1,20,3,Value for money,4.0
B002WTC3C0,2022,1,20,4,Moisturizing,3.8
B002WTC3C0,2022,1,20,5,Volume control,3.0
B0752FXRQJ,2022,1,20,1,Scent,4.4
B0752FXRQJ,2022,1,20,2,Value for money,4.3
B0752FXRQJ,2022,1,20,3,Volume control,4.2
B07NJQ89D5,2022,1,20,1,Value for money,4.2
B07NJQ89D5,2022,1,20,2,Scent,4.1
B07NJQ89D5,2022,1,20,3,Moisturizing,3.9
B000YDYXBK,2022,1,20,1,Scent,4.4
B000YDYXBK,2022,1,20,2,Softness,4.0
B000YDYXBK,2022,1,20,3,Moisturizing,3.7
B08P5Y3C6X,2022,1,20,1,Softness,4.2
B08P5Y3C6X,2022,1,20,2,Scent,4.2
B08P5Y3C6X,2022,1,20,3,Moisturizing,4.2
B08P5Y9KQG,2022,1,20,1,Scent,3.8
B08P5Y9KQG,2022,1,20,2,Softness,3.8
B08P5Y9KQG,2022,1,20,3,Moisturizing,3.7
B08P5YT5TC,2022,1,20,1,Softness,5.0
B08P5YT5TC,2022,1,20,2,Moisturizing,4.6
B08P5YT5TC,2022,1,20,3,Scent,4.3
B0007X749U,2022,1,20,1,Value for money,4.5
B0007X749U,2022,1,20,2,Softness,4.4
B0007X749U,2022,1,20,3,Scent,4.3
B0007X749U,2022,1,20,4,Moisturizing,4.2
B0067YU4KO,2022,1,20,1,Softness,4.4
B0067YU4KO,2022,1,20,2,Moisturizing,4.4
B0067YU4KO,2022,1,20,3,Scent,4.4
B0067YU4KO,2022,1,20,4,Value for money,4.3
B0891C7XFY,2022,1,20,1,Sheerness,4.4
B0891C7XFY,2022,1,20,2,Softness,4.3
B0891C7XFY,2022,1,20,3,Scent,4.2
B0891C7XFY,2022,1,20,4,Moisturizing,4.2
B0891C7XFY,2022,1,20,5,Value for money,3.8
B09BKNQWYM,2022,1,20,1,Scent,3.8
B09BKNQWYM,2022,1,20,2,Value for money,3.5
B07NVQVZL4,2022,1,20,1,Softness,5.0
B07NVQVZL4,2022,1,20,2,Scent,4.8
B07NVQVZL4,2022,1,20,3,Value for money,4.5
B07NVQVZL4,2022,1,20,4,Moisturizing,4.3
B081QK9539,2022,1,20,1,Scent,4.3
B081QK9539,2022,1,20,2,Volume control,4.3
B081QK9539,2022,1,20,3,Value for money,3.7
B081QK9539,2022,1,20,4,Moisturizing,3.6
B016LH9S3A,2022,1,20,1,Scent,4.4
B016LH9S3A,2022,1,20,2,Value for money,4.4
B005CWT4W6,2022,1,20,1,Scent,4.2
B005CWT4W6,2022,1,20,2,Volume control,4.0
B005CWT4W6,2022,1,20,3,Moisturizing,3.9
B00SD8JO26,2022,1,20,1,Scent,4.6
B00SD8JO26,2022,1,20,2,Moisturizing,4.6
B00SD8JO26,2022,1,20,3,Volume control,4.4
B0861HX1HL,2022,1,20,1,Softness,3.7
B0861HX1HL,2022,1,20,2,Moisturizing,3.7
B0861HX1HL,2022,1,20,3,Volume control,3.7
B0861HX1HL,2022,1,20,4,Scent,3.6
B086CP746H,2022,1,20,1,Scent,4.3
B086CP746H,2022,1,20,2,Sheerness,3.9
B086CP746H,2022,1,20,3,Value for money,3.9
B086CP746H,2022,1,20,4,Moisturizing,3.6
B077RWDFM5,2022,1,20,1,Scent,4.3
B077RWDFM5,2022,1,20,2,Value for money,4.2
B077RWDFM5,2022,1,20,3,Moisturizing,3.9
B077RWDFM5,2022,1,20,4,Softness,3.9
B07XCJSYRT,2022,1,20,1,Softness,4.2
B07XCJSYRT,2022,1,20,2,Moisturizing,4.2
B07XCJSYRT,2022,1,20,3,Scent,4.1
B07XCJSYRT,2022,1,20,4,Value for money,4.1
B094F914T6,2022,1,20,1,Scent,4.3
B094F914T6,2022,1,20,2,Softness,4.1
B094F914T6,2022,1,20,3,Value for money,4.0
B094F914T6,2022,1,20,4,Moisturizing,3.8
B094F914T6,2022,1,20,5,Volume control,3.0
B08XJWLLKQ,2022,1,20,1,Softness,5.0
B08XJWLLKQ,2022,1,20,2,Sheerness,4.6
B08XJWLLKQ,2022,1,20,3,Scent,4.5
B08XJWLLKQ,2022,1,20,4,Moisturizing,4.2
B08XJWLLKQ,2022,1,20,5,Value for money,3.9
B00FH692PQ,2022,1,20,1,Ingredient quality,4.1
B00FH692PQ,2022,1,20,2,Hair quality,4.0
B00FH692PQ,2022,1,20,3,Scent,3.9
B000BIUGUU,2022,1,20,1,Scent,4.1
B000BIUGUU,2022,1,20,2,Volume control,3.8
B000BIUGUU,2022,1,20,3,Value for money,3.3
B00ZFNU71Y,2022,1,20,1,Scent,4.1
B00ZFNU71Y,2022,1,20,2,Value for money,4.0
B00ZFNU71Y,2022,1,20,3,Volume control,3.8
B07L6SWWRV,2022,1,20,1,Scent,4.7
B07L6SWWRV,2022,1,20,2,Value for money,3.8
B08LHX596H,2022,1,20,1,Scent,4.4
B08LHX596H,2022,1,20,2,Easy to use,4.4
B08LHX596H,2022,1,20,3,Value for money,4.2
B08LHX596H,2022,1,20,4,Moisturizing,4.1
B00KWT8E8O,2022,1,20,1,Softness,4.8
B00KWT8E8O,2022,1,20,2,Value for money,4.8
B00KWT8E8O,2022,1,20,3,Scent,4.6
B08J115RZL,2022,1,20,1,Moisturizing,3.9
B08J115RZL,2022,1,20,2,Scent,3.5
B08J115RZL,2022,1,20,3,Value for money,3.4
B07DTJM47S,2022,1,20,1,Scent,4.4
B07DTJM47S,2022,1,20,2,Value for money,4.0
B002WTC3AW,2022,1,20,1,Softness,5.0
B002WTC3AW,2022,1,20,2,Scent,4.4
B002WTC3AW,2022,1,20,3,Value for money,4.1
B0861HCQLQ,2022,1,20,1,Scent,4.9
B0861HCQLQ,2022,1,20,2,Softness,4.5
B0861HCQLQ,2022,1,20,3,Moisturizing,4.4
B08P35DNQR,2022,1,20,1,Scent,4.7
B08P35DNQR,2022,1,20,2,Moisturizing,4.6
B07XB2Q542,2022,1,20,1,Value for money,3.9
B07XB2Q542,2022,1,20,2,Scent,3.9
B07XB2Q542,2022,1,20,3,Sheerness,3.8
B07XB2Q542,2022,1,20,4,Volume control,3.6
B07XB2Q542,2022,1,20,5,Softness,3.5
B097YJZLPR,2022,1,20,1,Scent,4.1
B097YJZLPR,2022,1,20,2,Moisturizing,4.0
B097YJZLPR,2022,1,20,3,Sheerness,3.9
B097YJZLPR,2022,1,20,4,Volume control,3.9
B097YJZLPR,2022,1,20,5,Drying power,3.9
B097YJZLPR,2022,1,20,6,Value for money,3.6
B091V9TL6R,2022,1,20,1,Scent,4.5
B091V9TL6R,2022,1,20,2,Softness,4.5
B091V9TL6R,2022,1,20,3,Value for money,4.5
B091V9TL6R,2022,1,20,4,For traveling,4.4
B091V9TL6R,2022,1,20,5,Moisturizing,4.3
B091V8JN2Q,2022,1,20,1,Scent,4.8
B091V8JN2Q,2022,1,20,2,Moisturizing,4.7
B091V8JN2Q,2022,1,20,3,Softness,4.6
B012HPGFIQ,2022,1,20,1,Value for money,3.9
B012HPGFIQ,2022,1,20,2,Scent,3.8
B012HPGFIQ,2022,1,20,3,Style,3.8
B07KYGWQ7H,2022,1,20,1,Scent,5.0
B07KYGWQ7H,2022,1,20,2,Volume control,4.8
B07KYGWQ7H,2022,1,20,3,Value for money,4.6
B00MBOLWVE,2022,1,20,1,Value for money,4.1
B00MBOLWVE,2022,1,20,2,Softness,3.9
B00MBOLWVE,2022,1,20,3,Scent,3.8
B00MBOLWVE,2022,1,20,4,Moisturizing,3.7
B07SRFXWXQ,2022,1,20,1,Scent,4.1
B07SRFXWXQ,2022,1,20,2,For traveling,4.0
B07SRFXWXQ,2022,1,20,3,Value for money,3.5
B019FGCTVM,2022,1,20,1,Value for money,4.5
B019FGCTVM,2022,1,20,2,Scent,4.5
B019WYTRN0,2022,1,20,1,Softness,4.2
B019WYTRN0,2022,1,20,2,Scent,4.0
B019WYTRN0,2022,1,20,3,Moisturizing,3.9
B019WYTRN0,2022,1,20,4,Value for money,3.2
B01MFGP4ET,2022,1,20,1,Value for money,4.6
B01MFGP4ET,2022,1,20,2,Scent,4.6
B01MFGP4ET,2022,1,20,3,Softness,4.5
B01MFGP4ET,2022,1,20,4,Light weight,4.4
B013SRDRBA,2022,1,20,1,Value for money,4.6
B013SRDRBA,2022,1,20,2,Scent,4.6
B013SRDRBA,2022,1,20,3,Moisturizing,4.5
B00IW2AYN6,2022,1,20,1,Scent,4.5
B00IW2AYN6,2022,1,20,2,Volume control,4.3
B00IW2AYN6,2022,1,20,3,Value for money,4.3
B00IW2AYN6,2022,1,20,4,Softness,4.2
B071LF1KKY,2022,1,20,1,Scent,4.6
B071LF1KKY,2022,1,20,2,Moisturizing,4.5
B071LF1KKY,2022,1,20,3,Softness,4.4
B071LF1KKY,2022,1,20,4,Value for money,4.0
B00OKQ0F4Q,2022,1,20,1,Softness,4.8
B00OKQ0F4Q,2022,1,20,2,Scent,4.5
B00OKQ0F4Q,2022,1,20,3,Moisturizing,4.1
B00OKQ0F4Q,2022,1,20,4,Value for money,4.1
B007PV7HHG,2022,1,20,1,Scent,4.1
B007PV7HHG,2022,1,20,2,Moisturizing,3.0
B007PV7HHG,2022,1,20,3,Value for money,2.3
B01J3BD0M6,2022,1,20,1,Accuracy,3.5
B01J3BD0M6,2022,1,20,2,Moisturizing,3.2
B01J3BD0M6,2022,1,20,3,Value for money,3.1
B01J3BD0M6,2022,1,20,4,Scent,3.1
B000S97MH2,2022,1,20,1,Moisturizing,3.2
B000S97MH2,2022,1,20,2,Value for money,3.1
B000S97MH2,2022,1,20,3,Scent,2.8
B076JK8PXX,2022,1,20,1,Softness,4.8
B076JK8PXX,2022,1,20,2,Scent,4.8
B076JK8PXX,2022,1,20,3,Moisturizing,4.7
B0891BG2PY,2022,1,20,1,Sheerness,4.0
B0891BG2PY,2022,1,20,2,Moisturizing,3.9
B0891BG2PY,2022,1,20,3,Scent,3.8
B0891BG2PY,2022,1,20,4,Value for money,3.5
B01DX8O092,2022,1,20,1,Scent,4.6
B01DX8O092,2022,1,20,2,Value for money,4.5
B01DX8O092,2022,1,20,3,Moisturizing,4.4
B094F4PT6F,2022,1,20,1,Scent,4.2
B094F4PT6F,2022,1,20,2,Value for money,4.2
B094F4PT6F,2022,1,20,3,Moisturizing,4.0
B01M5KZQF6,2022,1,20,1,Value for money,4.4
B01M5KZQF6,2022,1,20,2,Scent,4.4
B01M5KZQF6,2022,1,20,3,Softness,4.2
B01M5KZQF6,2022,1,20,4,Moisturizing,4.1
B094F7D4HS,2022,1,20,1,Scent,4.2
B094F7D4HS,2022,1,20,2,Moisturizing,4.2
B094F7D4HS,2022,1,20,3,Softness,4.2
B094F7D4HS,2022,1,20,4,Value for money,4.2
B07CVPCX9X,2022,1,20,1,Scent,4.2
B07CVPCX9X,2022,1,20,2,Value for money,4.2
B07CVPCX9X,2022,1,20,3,Moisturizing,4.0
B0891CB94B,2022,1,20,1,Value for money,4.8
B0891CB94B,2022,1,20,2,Moisturizing,4.4
B0891CB94B,2022,1,20,3,Softness,4.2
B0891CB94B,2022,1,20,4,Scent,4.1
B0891CB94B,2022,1,20,5,Sheerness,3.2
B07NP415LR,2022,1,20,1,Scent,4.3
B07NP415LR,2022,1,20,2,Volume control,4.0
B07NP415LR,2022,1,20,3,Softness,4.0
B07NP415LR,2022,1,20,4,Moisturizing,3.9
B07NP415LR,2022,1,20,5,Value for money,3.8
B0089FCQ4Q,2022,1,20,1,Scent,4.3
B0089FCQ4Q,2022,1,20,2,Value for money,3.3
B009V0Z4T2,2022,1,20,1,Softness,4.5
B009V0Z4T2,2022,1,20,2,Scent,4.4
B009V0Z4T2,2022,1,20,3,Moisturizing,4.2
B009V0Z4T2,2022,1,20,4,Value for money,4.1
B001ARP2LY,2022,1,20,1,Scent,4.2
B001ARP2LY,2022,1,20,2,Value for money,3.9
B084LHNR57,2022,1,20,1,Scent,4.6
B084LHNR57,2022,1,20,2,Volume control,4.5
B084LHNR57,2022,1,20,3,Value for money,4.4
B084LHNR57,2022,1,20,4,Softness,4.3
B084LHNR57,2022,1,20,5,Moisturizing,4.3
B07G3HT2G9,2022,1,20,1,Softness,5.0
B07G3HT2G9,2022,1,20,2,Scent,4.4
B07G3HT2G9,2022,1,20,3,Moisturizing,4.4
B07G3HT2G9,2022,1,20,4,Value for money,4.1
B091K3N274,2022,1,20,1,Scent,4.3
B091K3N274,2022,1,20,2,Value for money,3.5
B00JGQ5RMU,2022,1,20,1,Value for money,4.3
B00JGQ5RMU,2022,1,20,2,Scent,3.1
B00JGQ5RMU,2022,1,20,3,Moisturizing,3.0
B00C5AHTAC,2022,1,20,1,Scent,4.0
B00C5AHTAC,2022,1,20,2,Sheerness,4.0
B00C5AHTAC,2022,1,20,3,Moisturizing,3.7
B00C5AHTAC,2022,1,20,4,Value for money,3.7
B00C5AHTAC,2022,1,20,5,Softness,3.7
B07L8NSBXC,2022,1,20,1,Scent,5.0
B07L8NSBXC,2022,1,20,2,Value for money,5.0
B08SSCH7YR,2022,1,20,1,Scent,4.5
B08SSCH7YR,2022,1,20,2,Easy to hold,4.2
B08SSCH7YR,2022,1,20,3,Volume control,4.1
B08SSCH7YR,2022,1,20,4,Value for money,3.9
B08P66Q9TK,2022,1,20,1,Scent,3.9
B08P66Q9TK,2022,1,20,2,Softness,3.8
B08P66Q9TK,2022,1,20,3,Value for money,3.3
B002WTC3C0,2022,1,20,1,Scent,4.3
B002WTC3C0,2022,1,20,2,Softness,4.1
B002WTC3C0,2022,1,20,3,Value for money,4.0
B002WTC3C0,2022,1,20,4,Moisturizing,3.8
B002WTC3C0,2022,1,20,5,Volume control,3.0
B088ZZYMK2,2022,1,20,1,Softness,4.4
B088ZZYMK2,2022,1,20,2,Moisturizing,4.3
B088ZZYMK2,2022,1,20,3,Scent,4.2
B088ZZYMK2,2022,1,20,4,Sheerness,4.1
B088ZZYMK2,2022,1,20,5,Value for money,3.6
B088ZZYMK2,2022,1,20,6,Volume control,3.3
B076DL1VLG,2022,1,20,1,Scent,4.1
B076DL1VLG,2022,1,20,2,Value for money,3.9
B076DL1VLG,2022,1,20,3,Softness,3.8
B076DL1VLG,2022,1,20,4,Moisturizing,3.6
B000RYYI7K,2022,1,20,1,Moisturizing,4.7
B000RYYI7K,2022,1,20,2,Scent,4.4
B000RYYI7K,2022,1,20,3,Value for money,4.4
B00JWSNNRI,2022,1,20,1,Scent,4.3
B00JWSNNRI,2022,1,20,2,Value for money,3.9
B08D7J83PZ,2022,1,20,1,Value for money,4.5
B08D7J83PZ,2022,1,20,2,Scent,4.4
B08D7J83PZ,2022,1,20,3,Softness,4.3
B08D7J83PZ,2022,1,20,4,Moisturizing,4.2
B07HRNLW6V,2022,1,20,1,Scent,4.1
B07HRNLW6V,2022,1,20,2,Drying power,4.0
B07HRNLW6V,2022,1,20,3,Softness,3.8
B07HRNLW6V,2022,1,20,4,Moisturizing,3.8
B07XC8H8G7,2022,1,20,1,Value for money,5.0
B07XC8H8G7,2022,1,20,2,Scent,4.8
B07XC8H8G7,2022,1,20,3,Moisturizing,4.8
B004W498AS,2022,1,20,1,Scent,4.3
B004W498AS,2022,1,20,2,Softness,4.0
B004W498AS,2022,1,20,3,Moisturizing,3.9
B004W498AS,2022,1,20,4,Value for money,3.7
B07HRNLW6V,2022,1,20,1,Scent,4.1
B07HRNLW6V,2022,1,20,2,Drying power,4.0
B07HRNLW6V,2022,1,20,3,Softness,3.8
B07HRNLW6V,2022,1,20,4,Moisturizing,3.8
B07BHCB9Y2,2022,1,20,1,Softness,4.1
B07BHCB9Y2,2022,1,20,2,Moisturizing,4.1
B07BHCB9Y2,2022,1,20,3,Hair quality,4.0
B07BHCB9Y2,2022,1,20,4,Ingredient quality,4.0
B07BHCB9Y2,2022,1,20,5,Scent,3.9
B0784P7P16,2022,1,20,1,Scent,4.4
B0784P7P16,2022,1,20,2,Softness,4.0
B0784P7P16,2022,1,20,3,Moisturizing,4.0
B08LR3HN72,2022,1,20,1,Moisturizing,4.4
B08LR3HN72,2022,1,20,2,Value for money,4.2
B08LR3HN72,2022,1,20,3,Scent,4.0
B08LR3HN72,2022,1,20,4,Easy to use,3.4
B07K92VV2V,2022,1,20,1,Value for money,5.0
B07K92VV2V,2022,1,20,2,Softness,4.5
B07K92VV2V,2022,1,20,3,Scent,4.4
B07K92VV2V,2022,1,20,4,Moisturizing,4.3
B07K92VV2V,2022,1,20,5,Light weight,4.2
B00V5K0C9S,2022,1,20,1,Softness,4.3
B00V5K0C9S,2022,1,20,2,Moisturizing,4.2
B00V5K0C9S,2022,1,20,3,Scent,4.1
B00V5K0C9S,2022,1,20,4,Value for money,3.8
B00AAJTDLI,2022,1,20,1,Value for money,4.6
B00AAJTDLI,2022,1,20,2,Scent,4.5
B00AAJTDLI,2022,1,20,3,Style,4.2
B075XLMP1Y,2022,1,20,1,Softness,4.3
B075XLMP1Y,2022,1,20,2,Scent,4.3
B075XLMP1Y,2022,1,20,3,Value for money,4.0
B07SXRDCL8,2022,1,20,1,Easy to use,4.5
B07SXRDCL8,2022,1,20,2,Scent,4.2
B07SXRDCL8,2022,1,20,3,Drying power,4.0
B07SXRDCL8,2022,1,20,4,Value for money,3.3
B07QC43BXB,2022,1,20,1,Scent,4.2
B07QC43BXB,2022,1,20,2,Softness,4.1
B07QC43BXB,2022,1,20,3,Moisturizing,4.1
B07QC43BXB,2022,1,20,4,Sheerness,4.1
B07QC43BXB,2022,1,20,5,Value for money,3.5
B008CQHILS,2022,1,20,1,Scent,4.4
B008CQHILS,2022,1,20,2,Moisturizing,4.2
B008CQHILS,2022,1,20,3,Value for money,3.3
B008CQHILS,2022,1,20,4,Softness,2.7
B077BGJ7NP,2022,1,20,1,Scent,4.5
B077BGJ7NP,2022,1,20,2,Value for money,4.5
B08SSPQGZW,2022,1,20,1,Scent,4.1
B08SSPQGZW,2022,1,20,2,Moisturizing,3.6
B08SSPQGZW,2022,1,20,3,Value for money,3.6
B007146A16,2022,1,20,1,Value for money,4.2
B007146A16,2022,1,20,2,Moisturizing,3.6
B007146A16,2022,1,20,3,Scent,3.5
B07PY962WZ,2022,1,20,1,Value for money,4.2
B07PY962WZ,2022,1,20,2,Scent,3.8
B07PY962WZ,2022,1,20,3,Moisturizing,3.4
B01INE0PJK,2022,1,20,1,Softness,4.5
B01INE0PJK,2022,1,20,2,Moisturizing,4.4
B01INE0PJK,2022,1,20,3,Scent,4.4
B01INE0PJK,2022,1,20,4,Value for money,4.3
B082G22JGN,2022,1,20,1,Scent,4.5
B082G22JGN,2022,1,20,2,Value for money,4.0
B082G22JGN,2022,1,20,3,Moisturizing,3.5
B07MN4D2BS,2022,1,20,1,Scent,4.2
B07MN4D2BS,2022,1,20,2,Value for money,3.7
B005IHT8KI,2022,1,20,1,For deep cleaning,4.5
B005IHT8KI,2022,1,20,2,Value for money,4.4
B005IHT8KI,2022,1,20,3,Scent,4.0
B005IHT8KI,2022,1,20,4,Volume control,4.0
B005IHT8KI,2022,1,20,5,Moisturizing,3.5
B00VVS9O6G,2022,1,20,1,Scent,4.4
B00VVS9O6G,2022,1,20,2,Easy to use,4.3
B00VVS9O6G,2022,1,20,3,Light weight,4.1
B00VVS9O6G,2022,1,20,4,For traveling,4.1
B00VVS9O6G,2022,1,20,5,Value for money,3.9
B079TH68RF,2022,1,20,1,Softness,4.5
B079TH68RF,2022,1,20,2,Scent,4.5
B079TH68RF,2022,1,20,3,Value for money,4.4
B079TH68RF,2022,1,20,4,Moisturizing,4.1
B079TH68RF,2022,1,20,5,Volume control,4.1
B07HMK15G9,2022,1,20,1,Scent,4.2
B07HMK15G9,2022,1,20,2,Value for money,4.1
B07HMK15G9,2022,1,20,3,Volume control,3.8
B0019LP8UQ,2022,1,20,1,Softness,4.7
B0019LP8UQ,2022,1,20,2,Scent,4.6
B0019LP8UQ,2022,1,20,3,Moisturizing,4.6
B075XLMP1Y,2022,1,20,1,Softness,4.3
B075XLMP1Y,2022,1,20,2,Scent,4.3
B075XLMP1Y,2022,1,20,3,Value for money,4.0
B07NJNZYQT,2022,1,20,1,Value for money,4.5
B07NJNZYQT,2022,1,20,2,Scent,4.3
B07NJNZYQT,2022,1,20,3,For sensitive skin,4.3
B07NJNZYQT,2022,1,20,4,Moisturizing,4.3
B08PCRDG51,2022,1,20,1,Scent,4.5
B08PCRDG51,2022,1,20,2,Value for money,4.4
B08PCRDG51,2022,1,20,3,Moisturizing,3.8
B07TJG8P1W,2022,1,20,1,Value for money,4.3
B07TJG8P1W,2022,1,20,2,Scent,4.3
B07TJG8P1W,2022,1,20,3,Moisturizing,4.2
B08SCGPG6J,2022,1,20,1,Moisturizing,5.0
B08SCGPG6J,2022,1,20,2,Scent,4.8
B08SCGPG6J,2022,1,20,3,Value for money,4.2
B07PBTB187,2022,1,20,1,Moisturizing,4.5
B07PBTB187,2022,1,20,2,Scent,4.4
B07PBTB187,2022,1,20,3,Value for money,4.4
B07VCVDRKG,2022,1,20,1,For sensitive skin,4.8
B07VCVDRKG,2022,1,20,2,Scent,4.6
B07VCVDRKG,2022,1,20,3,Moisturizing,4.6
B07VCVDRKG,2022,1,20,4,Value for money,4.5
B07VCVDRKG,2022,1,20,5,Giftable,2.6
B00MEDOY2G,2022,1,20,1,Moisturizing,4.7
B00MEDOY2G,2022,1,20,2,For sensitive skin,4.6
B00MEDOY2G,2022,1,20,3,Scent,4.6
B082QB23YG,2022,1,20,1,Value for money,4.4
B082QB23YG,2022,1,20,2,Moisturizing,4.4
B082QB23YG,2022,1,20,3,Scent,4.1
B00BQYF21G,2022,1,20,1,Value for money,4.6
B00BQYF21G,2022,1,20,2,Scent,4.5
B00BQYF21G,2022,1,20,3,Moisturizing,4.4
B00BQYF21G,2022,1,20,4,For sensitive skin,4.3
B07CTSS14R,2022,1,20,1,Scent,4.6
B07CTSS14R,2022,1,20,2,Value for money,4.6
B07CTSS14R,2022,1,20,3,Moisturizing,4.6
B07CTSS14R,2022,1,20,4,Softness,4.5
B07CTSS14R,2022,1,20,5,Longevity,4.5
B07FK8YR27,2022,1,20,1,For sensitive skin,4.6
B07FK8YR27,2022,1,20,2,Moisturizing,4.6
B07FK8YR27,2022,1,20,3,Value for money,4.4
B07FK8YR27,2022,1,20,4,Scent,4.4
B08PFGZBZ7,2022,1,20,1,For sensitive skin,4.6
B08PFGZBZ7,2022,1,20,2,Moisturizing,4.6
B08PFGZBZ7,2022,1,20,3,Scent,4.5
B01IMEJV5U,2022,1,20,1,Scent,4.5
B01IMEJV5U,2022,1,20,2,Moisturizing,4.5
B01IMEJV5U,2022,1,20,3,Value for money,4.4
B01IMEJV5U,2022,1,20,4,Longevity,4.4
B01IMEJV5U,2022,1,20,5,Softness,4.3
B01IMEJV5U,2022,1,20,6,For sensitive skin,3.6
B00SK71SAG,2022,1,20,1,For sensitive skin,4.6
B00SK71SAG,2022,1,20,2,Moisturizing,4.6
B00SK71SAG,2022,1,20,3,Scent,4.4
B003ZYKUYY,2022,1,20,1,Scent,4.6
B003ZYKUYY,2022,1,20,2,Value for money,4.6
B003ZYKUYY,2022,1,20,3,Softness,4.4
B003ZYKUYY,2022,1,20,4,Moisturizing,4.2
B075X2KL5C,2022,1,20,1,Value for money,4.6
B075X2KL5C,2022,1,20,2,For sensitive skin,4.6
B075X2KL5C,2022,1,20,3,Moisturizing,4.6
B075X2KL5C,2022,1,20,4,Scent,4.4
B07J5JNT1P,2022,1,20,1,Value for money,4.1
B07J5JNT1P,2022,1,20,2,Moisturizing,3.9
B07J5JNT1P,2022,1,20,3,Scent,3.6
B07SX2P9G7,2022,1,20,1,Moisturizing,4.7
B07SX2P9G7,2022,1,20,2,Scent,4.7
B07SX2P9G7,2022,1,20,3,Value for money,4.7
